Workbook

Sheet 0 Read me
A1: Nornament - bulk upload template
A3: Fill the YELLOW cells. Blue italic rows are examples - delete them before sending back.
A5: 1 Pieces One row per physical piece. A jewel code is ONE piece, never a quantity.
A6: 2 BOM lines One row per material inside a piece. Repeat the jewel code on each line.
A7: 3 Check Reads the other sheets and tells you if a piece does not add up. Do not type here.
A8: 4 Photos Which file belongs to which piece.
A9: Reference The valid values, pulled from your database. Do not edit.
A11: The three rules worth knowing
A13: Units are not interchangeable. Diamonds and polki are CT, gold is GM. Sheet 3 converts them
A14: properly and compares against your gross weight. Your old sheet added carats to grams and got
A15: 22.45 for a piece that weighs 12.370 g. That cannot happen here.
A17: Gold carries no karat in the material list. Karat lives on the PIECE, so one gold row serves
... A25: straight off the camera is usually 8-12 MB and will be rejected.

Sheet Reference
A1: Reference lists - do not edit. These come from your live database.
A3: Category | B3: Location | C3: Karat | D3: Metal colour | E3: Material code | F3: Unit | G3: Basis | I3: Material | J3: Description | K3: Unit | L3: Cost rate | M3: Sale rate
A4: Earrings | B4: HO | C4: 14K | D4: Yellow | E4: DRKL SI-I | F4: CT | G4: BY_QTY | I4: DRKL SI-I | J4: Diamond RKL SI-I (+2) | K4: CT | L4: 8500 | M4: 20000
A5: Necklaces | B5: MUM | C5: 18K | D5: Rose | E5: DTBFGH VS-SI | F5: GM | G5: BY_NET_METAL_WT | I5: DTBFGH VS-SI | J5: Diamond TBFGH VS-SI (-2BG) | K5: CT | L5: 26000 | M5: 50000
A6: Rings | B6: KOL | C6: 22K | D6: White | E6: FPL | F6: RATTI | G6: BY_PIECE | I6: FPL | J6: Foil Polki (+24-36) | K6: CT | L6: 9000 | M6: 23000
A7: Bangles / Bracelets | B7: WS1 | C7: 24K | E7: G | F7: PCS | I7: FPL | J7: Foil Polki (+36-44) | K7: CT | L7: 12000 | M7: 40000
A8: Brooch | E8: GC | I8: G | J8: Gold - karat comes from the piece | K8: GM | L8: live | M8: live
A9: Mangalsutras / Chains | E9: SP01RG | I9: GC | J9: Gold Chakri | K9: GM | L9: live | M9: live
A10: Pendant Sets | E10: MAKING | I10: SP01RG | J10: Stone Semi Precious 01RG | K10: CT | L10: 500 | M10: 7000
I11: MAKING | J11: Making Charge (on net metal weight) | K11: GM | L11: 1000 | M11: 1500
I13: Gold sale rate is derived live: pure 24K rate x sale purity (22K 92.5%, 18K 76%, 14K 59%).

Sheet 1 Pieces
A1: ONE ROW PER PHYSICAL PIECE
A2: One jewel code = one piece. Fill the yellow columns. Row 5 is an example - delete it before sending back. Style code repeats when several pieces share a design.
A4: jewel_code | B4: style_code | C4: design_name | D4: category | E4: karat | F4: metal_colour | G4: diamond_quality | H4: gross_wt_gm | I4: location | J4: received_on | K4: huid | L4: length_mm | M4: breadth_mm | N4: height_mm | O4: photo_file_1 | P4: remarks
A5: ER00123 | B5: ER00135 | C5: Emerald floral polki earring | D5: Earrings | E5: 14K | F5: Yellow | G5: VS-SI | H5: 12.37 | I5: MUM | J5: 2026-04-02 | K5: HU7X4K | L5: 32 | M5: 18 | N5: 6 | O5: ER00123_front.jpg | P5: example row - delete me

Sheet 2 BOM lines
A1: ONE ROW PER MATERIAL LINE
A2: Repeat the jewel_code for every material in that piece. Diamonds and polki in CT, gold in GM. Add one MAKING row per piece with basis BY_NET_METAL_WT and leave qty blank - it is computed.
A4: jewel_code | B4: line_no | C4: material_code | D4: size_band | E4: pcs | F4: qty | G4: uom | H4: basis | I4: cost_rate | J4: remarks
A5: ER00123 | B5: 1 | C5: DRKL SI-I | D5: +2 | E5: 10 | F5: 0.09 | G5: CT | H5: BY_QTY | I5: 8500
A6: ER00123 | B6: 2 | C6: DTBFGH VS-SI | D6: -2BG | E6: 56 | F6: 0.4 | G6: CT | H6: BY_QTY | I6: 26000
A7: ER00123 | B7: 3 | C7: FPL | D7: +24-36 | E7: 16 | F7: 4.97 | G7: CT | H7: BY_QTY | I7: 9000
A8: ER00123 | B8: 4 | C8: FPL | D8: +36-44 | E8: 2 | F8: 0.74 | G8: CT | H8: BY_QTY | I8: 12000
A9: ER00123 | B9: 5 | C9: G | F9: 9.51 | G9: GM | H9: BY_QTY | I9: 4093 | J9: gold; karat from the piece
A10: ER00123 | B10: 6 | C10: GC | E10: 10 | F10: 0.34 | G10: GM | H10: BY_QTY | I10: 4093
A11: ER00123 | B11: 7 | C11: SP01RG | E11: 2 | F11: 6.4 | G11: CT | H11: BY_QTY | I11: 500
A12: ER00123 | B12: 8 | C12: MAKING | G12: GM | H12: BY_NET_METAL_WT | I12: 1000 | J12: qty left blank on purpose

Sheet 3 Check
A1: WEIGHT RECONCILIATION - the check that catches a wrong line
A2: Converts every BOM line to grams and compares it against the gross weight you typed. A piece that fails here has a mistake in it. Fix it before sending the file back - the importer rejects it anyway.
A4: jewel_code | B4: gross_wt_gm typed | C4: BOM weight (g) | D4: difference | E4: verdict
A5: =IF('1 Pieces'!A6="","",'1 Pieces'!A6) | B5: =IF(A5="","",IFERROR(INDEX('1 Pieces'!H:H,MATCH(A5,'1 Pieces'!A:A,0)),"")) | C5: =IF(A5="","",SUMPRODUCT(('2 BOM lines'!$A$5:$A$612=A5)*('2 BOM lines'!$C$5:$C$612<>"MAKING")*IFERROR('2 BOM lines'!$F$5:$F$612,0)*IF('2 BOM lines'!$G$5:$G$612="CT",0.2,IF('2 BOM lines'!$G$5:$G$612="RATTI",0.1215,IF('2 BOM lines'!$G$5:$G$612="GM",1,0))))) | D5: =IF(A5="","",ROUND(B5-C5,3)) | E5: =IF(A5="","",IF(ABS(D5)<=0.05,"OK","CHECK THIS PIECE"))
A6: =IF('1 Pieces'!A7="","",'1 Pieces'!A7) | B6: =IF(A6="","",IFERROR(INDEX('1 Pieces'!H:H,MATCH(A6,'1 Pieces'!A:A,0)),"")) | C6: =IF(A6="","",SUMPRODUCT(('2 BOM lines'!$A$5:$A$612=A6)*('2 BOM lines'!$C$5:$C$612<>"MAKING")*IFERROR('2 BOM lines'!$F$5:$F$612,0)*IF('2 BOM lines'!$G$5:$G$612="CT",0.2,IF('2 BOM lines'!$G$5:$G$612="RATTI",0.1215,IF('2 BOM lines'!$G$5:$G$612="GM",1,0))))) | D6: =IF(A6="","",ROUND(B6-C6,3)) | E6: =IF(A6="","",IF(ABS(D6)<=0.05,"OK","CHECK THIS PIECE"))
A7: =IF('1 Pieces'!A8="","",'1 Pieces'!A8) | B7: =IF(A7="","",IFERROR(INDEX('1 Pieces'!H:H,MATCH(A7,'1 Pieces'!A:A,0)),"")) | C7: =IF(A7="","",SUMPRODUCT(('2 BOM lines'!$A$5:$A$612=A7)*('2 BOM lines'!$C$5:$C$612<>"MAKING")*IFERROR('2 BOM lines'!$F$5:$F$612,0)*IF('2 BOM lines'!$G$5:$G$612="CT",0.2,IF('2 BOM lines'!$G$5:$G$612="RATTI",0.1215,IF('2 BOM lines'!$G$5:$G$612="GM",1,0))))) | D7: =IF(A7="","",ROUND(B7-C7,3)) | E7: =IF(A7="","",IF(ABS(D7)<=0.05,"OK","CHECK THIS PIECE"))
A8: =IF('1 Pieces'!A9="","",'1 Pieces'!A9) | B8: =IF(A8="","",IFERROR(INDEX('1 Pieces'!H:H,MATCH(A8,'1 Pieces'!A:A,0)),"")) | C8: =IF(A8="","",SUMPRODUCT(('2 BOM lines'!$A$5:$A$612=A8)*('2 BOM lines'!$C$5:$C$612<>"MAKING")*IFERROR('2 BOM lines'!$F$5:$F$612,0)*IF('2 BOM lines'!$G$5:$G$612="CT",0.2,IF('2 BOM lines'!$G$5:$G$612="RATTI",0.1215,IF('2 BOM lines'!$G$5:$G$612="GM",1,0))))) | D8: =IF(A8="","",ROUND(B8-C8,3)) | E8: =IF(A8="","",IF(ABS(D8)<=0.05,"OK","CHECK THIS PIECE"))
A9: =IF('1 Pieces'!A10="","",'1 Pieces'!A10) | B9: =IF(A9="","",IFERROR(INDEX('1 Pieces'!H:H,MATCH(A9,'1 Pieces'!A:A,0)),"")) | C9: =IF(A9="","",SUMPRODUCT(('2 BOM lines'!$A$5:$A$612=A9)*('2 BOM lines'!$C$5:$C$612<>"MAKING")*IFERROR('2 BOM lines'!$F$5:$F$612,0)*IF('2 BOM lines'!$G$5:$G$612="CT",0.2,IF('2 BOM lines'!$G$5:$G$612="RATTI",0.1215,IF('2 BOM lines'!$G$5:$G$612="GM",1,0))))) | D9: =IF(A9="","",ROUND(B9-C9,3)) | E9: =IF(A9="","",IF(ABS(D9)<=0.05,"OK","CHECK THIS PIECE"))
A10: =IF('1 Pieces'!A11="","",'1 Pieces'!A11) | B10: =IF(A10="","",IFERROR(INDEX('1 Pieces'!H:H,MATCH(A10,'1 Pieces'!A:A,0)),"")) | C10: =IF(A10="","",SUMPRODUCT(('2 BOM lines'!$A$5:$A$612=A10)*('2 BOM lines'!$C$5:$C$612<>"MAKING")*IFERROR('2 BOM lines'!$F$5:$F$612,0)*IF('2 BOM lines'!$G$5:$G$612="CT",0.2,IF('2 BOM lines'!$G$5:$G$612="RATTI",0.1215,IF('2 BOM lines'!$G$5:$G$612="GM",1,0))))) | D10: =IF(A10="","",ROUND(B10-C10,3)) | E10: =IF(A10="","",IF(ABS(D10)<=0.05,"OK","CHECK THIS PIECE"))
A11: =IF('1 Pieces'!A12="","",'1 Pieces'!A12) | B11: =IF(A11="","",IFERROR(INDEX('1 Pieces'!H:H,MATCH(A11,'1 Pieces'!A:A,0)),"")) | C11: =IF(A11="","",SUMPRODUCT(('2 BOM lines'!$A$5:$A$612=A11)*('2 BOM lines'!$C$5:$C$612<>"MAKING")*IFERROR('2 BOM lines'!$F$5:$F$612,0)*IF('2 BOM lines'!$G$5:$G$612="CT",0.2,IF('2 BOM lines'!$G$5:$G$612="RATTI",0.1215,IF('2 BOM lines'!$G$5:$G$612="GM",1,0))))) | D11: =IF(A11="","",ROUND(B11-C11,3)) | E11: =IF(A11="","",IF(ABS(D11)<=0.05,"OK","CHECK THIS PIECE"))
A12: =IF('1 Pieces'!A13="","",'1 Pieces'!A13) | B12: =IF(A12="","",IFERROR(INDEX('1 Pieces'!H:H,MATCH(A12,'1 Pieces'!A:A,0)),"")) | C12: =IF(A12="","",SUMPRODUCT(('2 BOM lines'!$A$5:$A$612=A12)*('2 BOM lines'!$C$5:$C$612<>"MAKING")*IFERROR('2 BOM lines'!$F$5:$F$612,0)*IF('2 BOM lines'!$G$5:$G$612="CT",0.2,IF('2 BOM lines'!$G$5:$G$612="RATTI",0.1215,IF('2 BOM lines'!$G$5:$G$612="GM",1,0))))) | D12: =IF(A12="","",ROUND(B12-C12,3)) | E12: =IF(A12="","",IF(ABS(D12)<=0.05,"OK","CHECK THIS PIECE"))
A13: =IF('1 Pieces'!A14="","",'1 Pieces'!A14) | B13: =IF(A13="","",IFERROR(INDEX('1 Pieces'!H:H,MATCH(A13,'1 Pieces'!A:A,0)),"")) | C13: =IF(A13="","",SUMPRODUCT(('2 BOM lines'!$A$5:$A$612=A13)*('2 BOM lines'!$C$5:$C$612<>"MAKING")*IFERROR('2 BOM lines'!$F$5:$F$612,0)*IF('2 BOM lines'!$G$5:$G$612="CT",0.2,IF('2 BOM lines'!$G$5:$G$612="RATTI",0.1215,IF('2 BOM lines'!$G$5:$G$612="GM",1,0))))) | D13: =IF(A13="","",ROUND(B13-C13,3)) | E13: =IF(A13="","",IF(ABS(D13)<=0.05,"OK","CHECK THIS PIECE"))
A14: =IF('1 Pieces'!A15="","",'1 Pieces'!A15) | B14: =IF(A14="","",IFERROR(INDEX('1 Pieces'!H:H,MATCH(A14,'1 Pieces'!A:A,0)),"")) | C14: =IF(A14="","",SUMPRODUCT(('2 BOM lines'!$A$5:$A$612=A14)*('2 BOM lines'!$C$5:$C$612<>"MAKING")*IFERROR('2 BOM lines'!$F$5:$F$612,0)*IF('2 BOM lines'!$G$5:$G$612="CT",0.2,IF('2 BOM lines'!$G$5:$G$612="RATTI",0.1215,IF('2 BOM lines'!$G$5:$G$612="GM",1,0))))) | D14: =IF(A14="","",ROUND(B14-C14,3)) | E14: =IF(A14="","",IF(ABS(D14)<=0.05,"OK","CHECK THIS PIECE"))
A15: =IF('1 Pieces'!A16="","",'1 Pieces'!A16) | B15: =IF(A15="","",IFERROR(INDEX('1 Pieces'!H:H,MATCH(A15,'1 Pieces'!A:A,0)),"")) | C15: =IF(A15="","",SUMPRODUCT(('2 BOM lines'!$A$5:$A$612=A15)*('2 BOM lines'!$C$5:$C$612<>"MAKING")*IFERROR('2 BOM lines'!$F$5:$F$612,0)*IF('2 BOM lines'!$G$5:$G$612="CT",0.2,IF('2 BOM lines'!$G$5:$G$612="RATTI",0.1215,IF('2 BOM lines'!$G$5:$G$612="GM",1,0))))) | D15: =IF(A15="","",ROUND(B15-C15,3)) | E15: =IF(A15="","",IF(ABS(D15)<=0.05,"OK","CHECK THIS PIECE"))
A16: =IF('1 Pieces'!A17="","",'1 Pieces'!A17) | B16: =IF(A16="","",IFERROR(INDEX('1 Pieces'!H:H,MATCH(A16,'1 Pieces'!A:A,0)),"")) | C16: =IF(A16="","",SUMPRODUCT(('2 BOM lines'!$A$5:$A$612=A16)*('2 BOM lines'!$C$5:$C$612<>"MAKING")*IFERROR('2 BOM lines'!$F$5:$F$612,0)*IF('2 BOM lines'!$G$5:$G$612="CT",0.2,IF('2 BOM lines'!$G$5:$G$612="RATTI",0.1215,IF('2 BOM lines'!$G$5:$G$612="GM",1,0))))) | D16: =IF(A16="","",ROUND(B16-C16,3)) | E16: =IF(A16="","",IF(ABS(D16)<=0.05,"OK","CHECK THIS PIECE"))
... A204: =IF('1 Pieces'!A205="","",'1 Pieces'!A205) | B204: =IF(A204="","",IFERROR(INDEX('1 Pieces'!H:H,MATCH(A204,'1 Pieces'!A:A,0)),"")) | C204: =IF(A204="","",SUMPRODUCT(('2 BOM lines'!$A$5:$A$612=A204)*('2 BOM lines'!$C$5:$C$612<>"MAKING")*IFERROR('2 BOM lines'!$F$5:$F$612,0)*IF('2 BOM lines'!$G$5:$G$612="CT",0.2,IF('2 BOM lines'!$G$5:$G$612="RATTI",0.1215,IF('2 BOM lines'!$G$5:$G$612="GM",1,0))))) | D204: =IF(A204="","",ROUND(B204-C204,3)) | E204: =IF(A204="","",IF(ABS(D204)<=0.05,"OK","CHECK THIS PIECE"))

Sheet 4 Photos
A1: PHOTO NAMING
A2: Name every file jewel_code_angle.jpg - e.g. ER00123_front.jpg. That is what links a photograph to a piece. Keep each file under 5 MB; anything larger is rejected on upload.
A4: jewel_code | B4: file_name | C4: angle | D4: rank
A5: ER00123 | B5: ER00123_front.jpg | C5: FRONT | D5: 1
A6: ER00123 | B6: ER00123_side.jpg | C6: SIDE | D6: 2
A7: ER00123 | B7: ER00123_model.jpg | C7: ON_MODEL | D7: 3
